"file","scan","charge","peptide"
"130418_03_SynthMix1_1pmol_10MS2_20min_NoDynExc",1708,2,"GTPSQS*PVVGR"
"130418_03_SynthMix1_1pmol_10MS2_20min_NoDynExc",1709,2,"ESLKEEDES*DDDNM@"
"130418_03_SynthMix1_1pmol_10MS2_20min_NoDynExc",1720,2,"ESLKEEDES*DDDNM@"
"130418_03_SynthMix1_1pmol_10MS2_20min_NoDynExc",1727,2,"GTPSQS*PVVGR"
"130418_03_SynthMix1_1pmol_10MS2_20min_NoDynExc",1734,2,"ESLKEEDES*DDDNM@"
"130418_03_SynthMix1_1pmol_10MS2_20min_NoDynExc",1736,2,"GTPSQS*PVVGR"
"130418_03_SynthMix1_1pmol_10MS2_20min_NoDynExc",1738,2,"ESLKEEDES*DDDNM@"
"130418_03_SynthMix1_1pmol_10MS2_20min_NoDynExc",1747,2,"ESLKEEDES*DDDNM@"
"130418_03_SynthMix1_1pmol_10MS2_20min_NoDynExc",1756,2,"GTPSQS*PVVGR"
"130418_03_SynthMix1_1pmol_10MS2_20min_NoDynExc",1758,2,"ESLKEEDES*DDDNM@"
"130418_03_SynthMix1_1pmol_10MS2_20min_NoDynExc",1773,2,"ESLKEEDES*DDDNM@"
"130418_03_SynthMix1_1pmol_10MS2_20min_NoDynExc",1782,2,"ESLKEEDES*DDDNM@"
"130418_03_SynthMix1_1pmol_10MS2_20min_NoDynExc",1791,2,"ESLKEEDES*DDDNM@"
"130418_03_SynthMix1_1pmol_10MS2_20min_NoDynExc",1802,2,"ESLKEEDES*DDDNM@"
"130418_03_SynthMix1_1pmol_10MS2_20min_NoDynExc",1813,2,"ESLKEEDES*DDDNM@"
"130418_03_SynthMix1_1pmol_10MS2_20min_NoDynExc",1824,2,"ESLKEEDES*DDDNM@"
"130418_03_SynthMix1_1pmol_10MS2_20min_NoDynExc",1835,2,"ESLKEEDES*DDDNM@"
"130418_03_SynthMix1_1pmol_10MS2_20min_NoDynExc",1847,2,"ESLKEEDES*DDDNM@"
"130418_03_SynthMix1_1pmol_10MS2_20min_NoDynExc",1883,2,"GTPSQS*PVVGR"
"130418_03_SynthMix1_1pmol_10MS2_20min_NoDynExc",1892,2,"GTPSQS*PVVGR"
"130418_03_SynthMix1_1pmol_10MS2_20min_NoDynExc",1901,2,"GTPSQS*PVVGR"
"130418_03_SynthMix1_1pmol_10MS2_20min_NoDynExc",1912,2,"GTPSQS*PVVGR"
"130418_03_SynthMix1_1pmol_10MS2_20min_NoDynExc",1923,2,"GTPSQS*PVVGR"
"130418_03_SynthMix1_1pmol_10MS2_20min_NoDynExc",1934,2,"GTPSQS*PVVGR"
"130418_03_SynthMix1_1pmol_10MS2_20min_NoDynExc",1945,2,"GTPSQS*PVVGR"
"130418_03_SynthMix1_1pmol_10MS2_20min_NoDynExc",1956,2,"GTPSQS*PVVGR"
"130418_03_SynthMix1_1pmol_10MS2_20min_NoDynExc",1980,2,"GTPSQS*PVVGR"
"130418_03_SynthMix1_1pmol_10MS2_20min_NoDynExc",1989,2,"GTPSQS*PVVGR"
"130418_03_SynthMix1_1pmol_10MS2_20min_NoDynExc",2000,2,"GTPSQS*PVVGR"
"130418_03_SynthMix1_1pmol_10MS2_20min_NoDynExc",2011,2,"GTPSQS*PVVGR"
"130418_03_SynthMix1_1pmol_10MS2_20min_NoDynExc",2017,2,"ESLKEEDES*DDDNM@"
"130418_03_SynthMix1_1pmol_10MS2_20min_NoDynExc",2022,2,"GTPSQS*PVVGR"
"130418_03_SynthMix1_1pmol_10MS2_20min_NoDynExc",2027,2,"ESLKEEDES*DDDNM@"
"130418_03_SynthMix1_1pmol_10MS2_20min_NoDynExc",2033,2,"GTPSQS*PVVGR"
"130418_03_SynthMix1_1pmol_10MS2_20min_NoDynExc",2037,2,"ESLKEEDES*DDDNM@"
"130418_03_SynthMix1_1pmol_10MS2_20min_NoDynExc",2044,2,"GTPSQS*PVVGR"
"130418_03_SynthMix1_1pmol_10MS2_20min_NoDynExc",2046,2,"SPS*PYYSR"
"130418_03_SynthMix1_1pmol_10MS2_20min_NoDynExc",2049,2,"ESLKEEDES*DDDNM@"
"130418_03_SynthMix1_1pmol_10MS2_20min_NoDynExc",2055,2,"SPS*PYYSR"
"130418_03_SynthMix1_1pmol_10MS2_20min_NoDynExc",2058,2,"GTPSQS*PVVGR"
"130418_03_SynthMix1_1pmol_10MS2_20min_NoDynExc",2059,2,"ESLKEEDES*DDDNM@"
"130418_03_SynthMix1_1pmol_10MS2_20min_NoDynExc",2064,3,"SPS*PYYSR"
"130418_03_SynthMix1_1pmol_10MS2_20min_NoDynExc",2068,2,"SPS*PYYSR"
"130418_03_SynthMix1_1pmol_10MS2_20min_NoDynExc",2069,2,"GTPSQS*PVVGR"
"130418_03_SynthMix1_1pmol_10MS2_20min_NoDynExc",2070,2,"ESLKEEDES*DDDNM@"
"130418_03_SynthMix1_1pmol_10MS2_20min_NoDynExc",2074,3,"SPS*PYYSR"
"130418_03_SynthMix1_1pmol_10MS2_20min_NoDynExc",2077,2,"SPS*PYYSR"
"130418_03_SynthMix1_1pmol_10MS2_20min_NoDynExc",2078,2,"GTPSQS*PVVGR"
"130418_03_SynthMix1_1pmol_10MS2_20min_NoDynExc",2080,2,"ESLKEEDES*DDDNM@"
"130418_03_SynthMix1_1pmol_10MS2_20min_NoDynExc",2085,3,"SPS*PYYSR"
"130418_03_SynthMix1_1pmol_10MS2_20min_NoDynExc",2088,2,"SPS*PYYSR"
"130418_03_SynthMix1_1pmol_10MS2_20min_NoDynExc",2089,2,"GTPSQS*PVVGR"
"130418_03_SynthMix1_1pmol_10MS2_20min_NoDynExc",2090,2,"ESLKEEDES*DDDNM@"
"130418_03_SynthMix1_1pmol_10MS2_20min_NoDynExc",2099,2,"SPS*PYYSR"
"130418_03_SynthMix1_1pmol_10MS2_20min_NoDynExc",2106,2,"ESLKEEDES*DDDNM@"
"130418_03_SynthMix1_1pmol_10MS2_20min_NoDynExc",2115,2,"SPS*PYYSR"
"130418_03_SynthMix1_1pmol_10MS2_20min_NoDynExc",2116,2,"ESLKEEDES*DDDNM@"
"130418_03_SynthMix1_1pmol_10MS2_20min_NoDynExc",2126,2,"SPS*PYYSR"
"130418_03_SynthMix1_1pmol_10MS2_20min_NoDynExc",2128,2,"ESLKEEDES*DDDNM@"
"130418_03_SynthMix1_1pmol_10MS2_20min_NoDynExc",2134,2,"SPS*PYYSR"
"130418_03_SynthMix1_1pmol_10MS2_20min_NoDynExc",2141,2,"ESLKEEDES*DDDNM@"
"130418_03_SynthMix1_1pmol_10MS2_20min_NoDynExc",2143,2,"SPS*PYYSR"
"130418_03_SynthMix1_1pmol_10MS2_20min_NoDynExc",2154,2,"SPS*PYYSR"
"130418_03_SynthMix1_1pmol_10MS2_20min_NoDynExc",2165,2,"SPS*PYYSR"
"130418_03_SynthMix1_1pmol_10MS2_20min_NoDynExc",2176,2,"SPS*PYYSR"
"130418_03_SynthMix1_1pmol_10MS2_20min_NoDynExc",2187,2,"SPS*PYYSR"
"130418_03_SynthMix1_1pmol_10MS2_20min_NoDynExc",2195,2,"ESLKEEDES*DDDNM@"
"130418_03_SynthMix1_1pmol_10MS2_20min_NoDynExc",2198,2,"SPS*PYYSR"
"130418_03_SynthMix1_1pmol_10MS2_20min_NoDynExc",2209,2,"SPS*PYYSR"
"130418_03_SynthMix1_1pmol_10MS2_20min_NoDynExc",2218,2,"SPS*PYYSR"
"130418_03_SynthMix1_1pmol_10MS2_20min_NoDynExc",2226,2,"SPS*PYYSR"
"130418_03_SynthMix1_1pmol_10MS2_20min_NoDynExc",2235,2,"SPS*PYYSR"
"130418_03_SynthMix1_1pmol_10MS2_20min_NoDynExc",2243,2,"SPS*PYYSR"
"130418_03_SynthMix1_1pmol_10MS2_20min_NoDynExc",2254,2,"SPS*PYYSR"
"130418_03_SynthMix1_1pmol_10MS2_20min_NoDynExc",2265,2,"SPS*PYYSR"
"130418_03_SynthMix1_1pmol_10MS2_20min_NoDynExc",2276,2,"SPS*PYYSR"
"130418_03_SynthMix1_1pmol_10MS2_20min_NoDynExc",2287,2,"SPS*PYYSR"
"130418_03_SynthMix1_1pmol_10MS2_20min_NoDynExc",2292,2,"AYS*PEYR"
"130418_03_SynthMix1_1pmol_10MS2_20min_NoDynExc",2298,2,"SPS*PYYSR"
"130418_03_SynthMix1_1pmol_10MS2_20min_NoDynExc",2302,2,"AYS*PEYR"
"130418_03_SynthMix1_1pmol_10MS2_20min_NoDynExc",2309,2,"SPS*PYYSR"
"130418_03_SynthMix1_1pmol_10MS2_20min_NoDynExc",2311,2,"AYS*PEYR"
"130418_03_SynthMix1_1pmol_10MS2_20min_NoDynExc",2320,2,"SPS*PYYSR"
"130418_03_SynthMix1_1pmol_10MS2_20min_NoDynExc",2322,2,"AYS*PEYR"
"130418_03_SynthMix1_1pmol_10MS2_20min_NoDynExc",2331,2,"SPS*PYYSR"
"130418_03_SynthMix1_1pmol_10MS2_20min_NoDynExc",2332,2,"AYS*PEYR"
"130418_03_SynthMix1_1pmol_10MS2_20min_NoDynExc",2338,2,"ESLKEEDES*DDDNM"
"130418_03_SynthMix1_1pmol_10MS2_20min_NoDynExc",2342,2,"SPS*PYYSR"
"130418_03_SynthMix1_1pmol_10MS2_20min_NoDynExc",2343,2,"AYS*PEYR"
"130418_03_SynthMix1_1pmol_10MS2_20min_NoDynExc",2346,2,"ESLKEEDES*DDDNM"
"130418_03_SynthMix1_1pmol_10MS2_20min_NoDynExc",2353,2,"SPS*PYYSR"
"130418_03_SynthMix1_1pmol_10MS2_20min_NoDynExc",2354,2,"AYS*PEYR"
"130418_03_SynthMix1_1pmol_10MS2_20min_NoDynExc",2356,2,"ESLKEEDES*DDDNM"
"130418_03_SynthMix1_1pmol_10MS2_20min_NoDynExc",2362,2,"ESLKEEDES*DDDNM@"
"130418_03_SynthMix1_1pmol_10MS2_20min_NoDynExc",2364,2,"SPS*PYYSR"
"130418_03_SynthMix1_1pmol_10MS2_20min_NoDynExc",2365,2,"AYS*PEYR"
"130418_03_SynthMix1_1pmol_10MS2_20min_NoDynExc",2366,2,"ESLKEEDES*DDDNM"
"130418_03_SynthMix1_1pmol_10MS2_20min_NoDynExc",2373,2,"ESLKEEDES*DDDNM@"
"130418_03_SynthMix1_1pmol_10MS2_20min_NoDynExc",2375,2,"SPS*PYYSR"
"130418_03_SynthMix1_1pmol_10MS2_20min_NoDynExc",2376,2,"AYS*PEYR"
"130418_03_SynthMix1_1pmol_10MS2_20min_NoDynExc",2377,2,"ESLKEEDES*DDDNM"
"130418_03_SynthMix1_1pmol_10MS2_20min_NoDynExc",2380,2,"ESLKEEDES*DDDNM@"
"130418_03_SynthMix1_1pmol_10MS2_20min_NoDynExc",2386,2,"ESLKEEDES*DDDNM"
"130418_03_SynthMix1_1pmol_10MS2_20min_NoDynExc",2387,2,"SPS*PYYSR"
"130418_03_SynthMix1_1pmol_10MS2_20min_NoDynExc",2390,2,"AYS*PEYR"
"130418_03_SynthMix1_1pmol_10MS2_20min_NoDynExc",2392,2,"ESLKEEDES*DDDNM@"
"130418_03_SynthMix1_1pmol_10MS2_20min_NoDynExc",2397,2,"ESLKEEDES*DDDNM"
"130418_03_SynthMix1_1pmol_10MS2_20min_NoDynExc",2400,2,"SPS*PYYSR"
"130418_03_SynthMix1_1pmol_10MS2_20min_NoDynExc",2404,2,"ESLKEEDES*DDDNM@"
"130418_03_SynthMix1_1pmol_10MS2_20min_NoDynExc",2408,2,"ESLKEEDES*DDDNM"
"130418_03_SynthMix1_1pmol_10MS2_20min_NoDynExc",2410,2,"SPS*PYYSR"
"130418_03_SynthMix1_1pmol_10MS2_20min_NoDynExc",2413,2,"ESLKEEDES*DDDNM@"
"130418_03_SynthMix1_1pmol_10MS2_20min_NoDynExc",2417,3,"EM@EHNTVCAAGTS*PVGEIGEEK"
"130418_03_SynthMix1_1pmol_10MS2_20min_NoDynExc",2419,2,"ESLKEEDES*DDDNM"
"130418_03_SynthMix1_1pmol_10MS2_20min_NoDynExc",2421,2,"SPS*PYYSR"
"130418_03_SynthMix1_1pmol_10MS2_20min_NoDynExc",2423,2,"ESLKEEDES*DDDNM@"
"130418_03_SynthMix1_1pmol_10MS2_20min_NoDynExc",2430,2,"ESLKEEDES*DDDNM"
"130418_03_SynthMix1_1pmol_10MS2_20min_NoDynExc",2434,2,"SPS*PYYSR"
"130418_03_SynthMix1_1pmol_10MS2_20min_NoDynExc",2436,2,"ESLKEEDES*DDDNM@"
"130418_03_SynthMix1_1pmol_10MS2_20min_NoDynExc",2441,2,"ESLKEEDES*DDDNM"
"130418_03_SynthMix1_1pmol_10MS2_20min_NoDynExc",2444,2,"SPS*PYYSR"
"130418_03_SynthMix1_1pmol_10MS2_20min_NoDynExc",2452,2,"ESLKEEDES*DDDNM"
"130418_03_SynthMix1_1pmol_10MS2_20min_NoDynExc",2455,2,"SPS*PYYSR"
"130418_03_SynthMix1_1pmol_10MS2_20min_NoDynExc",2463,2,"ESLKEEDES*DDDNM"
"130418_03_SynthMix1_1pmol_10MS2_20min_NoDynExc",2465,2,"SPS*PYYSR"
"130418_03_SynthMix1_1pmol_10MS2_20min_NoDynExc",2475,2,"ESLKEEDES*DDDNM"
"130418_03_SynthMix1_1pmol_10MS2_20min_NoDynExc",2481,2,"SPS*PYYSR"
"130418_03_SynthMix1_1pmol_10MS2_20min_NoDynExc",2491,2,"SPS*PYYSR"
"130418_03_SynthMix1_1pmol_10MS2_20min_NoDynExc",2503,3,"EMEHNTVCAAGTS*PVGEIGEEK"
"130418_03_SynthMix1_1pmol_10MS2_20min_NoDynExc",2505,2,"SPS*PYYSR"
"130418_03_SynthMix1_1pmol_10MS2_20min_NoDynExc",2513,3,"EMEHNTVCAAGTS*PVGEIGEEK"
"130418_03_SynthMix1_1pmol_10MS2_20min_NoDynExc",2516,2,"SPS*PYYSR"
"130418_03_SynthMix1_1pmol_10MS2_20min_NoDynExc",2522,3,"EMEHNTVCAAGTS*PVGEIGEEK"
"130418_03_SynthMix1_1pmol_10MS2_20min_NoDynExc",2527,2,"SPS*PYYSR"
"130418_03_SynthMix1_1pmol_10MS2_20min_NoDynExc",2532,2,"GSYGS*DAEEEEYR"
"130418_03_SynthMix1_1pmol_10MS2_20min_NoDynExc",2534,3,"EM@EHNTVCAAGTS*PVGEIGEEK"
"130418_03_SynthMix1_1pmol_10MS2_20min_NoDynExc",2538,2,"SPS*PYYSR"
"130418_03_SynthMix1_1pmol_10MS2_20min_NoDynExc",2541,2,"GSYGS*DAEEEEYR"
"130418_03_SynthMix1_1pmol_10MS2_20min_NoDynExc",2546,2,"SPS*PYYSR"
"130418_03_SynthMix1_1pmol_10MS2_20min_NoDynExc",2552,2,"GSYGS*DAEEEEYR"
"130418_03_SynthMix1_1pmol_10MS2_20min_NoDynExc",2558,2,"SPS*PYYSR"
"130418_03_SynthMix1_1pmol_10MS2_20min_NoDynExc",2563,2,"GSYGS*DAEEEEYR"
"130418_03_SynthMix1_1pmol_10MS2_20min_NoDynExc",2570,2,"SPS*PYYSR"
"130418_03_SynthMix1_1pmol_10MS2_20min_NoDynExc",2576,2,"GSYGS*DAEEEEYR"
"130418_03_SynthMix1_1pmol_10MS2_20min_NoDynExc",2582,2,"AYS*PEYR"
"130418_03_SynthMix1_1pmol_10MS2_20min_NoDynExc",2584,2,"GSYGS*DAEEEEYR"
"130418_03_SynthMix1_1pmol_10MS2_20min_NoDynExc",2592,2,"AYS*PEYR"
"130418_03_SynthMix1_1pmol_10MS2_20min_NoDynExc",2595,2,"GSYGS*DAEEEEYR"
"130418_03_SynthMix1_1pmol_10MS2_20min_NoDynExc",2602,2,"AYS*PEYR"
"130418_03_SynthMix1_1pmol_10MS2_20min_NoDynExc",2608,2,"GSYGS*DAEEEEYR"
"130418_03_SynthMix1_1pmol_10MS2_20min_NoDynExc",2614,2,"AYS*PEYR"
"130418_03_SynthMix1_1pmol_10MS2_20min_NoDynExc",2617,2,"GSYGS*DAEEEEYR"
"130418_03_SynthMix1_1pmol_10MS2_20min_NoDynExc",2623,2,"AYS*PEYR"
"130418_03_SynthMix1_1pmol_10MS2_20min_NoDynExc",2628,2,"GSYGS*DAEEEEYR"
"130418_03_SynthMix1_1pmol_10MS2_20min_NoDynExc",2636,2,"AYS*PEYR"
"130418_03_SynthMix1_1pmol_10MS2_20min_NoDynExc",2647,2,"GSYGS*DAEEEEYR"
"130418_03_SynthMix1_1pmol_10MS2_20min_NoDynExc",2663,3,"EMEHNTVCAAGTS*PVGEIGEEK"
"130418_03_SynthMix1_1pmol_10MS2_20min_NoDynExc",2675,3,"EMEHNTVCAAGTS*PVGEIGEEK"
"130418_03_SynthMix1_1pmol_10MS2_20min_NoDynExc",2686,3,"EMEHNTVCAAGTS*PVGEIGEEK"
"130418_03_SynthMix1_1pmol_10MS2_20min_NoDynExc",2699,3,"EMEHNTVCAAGTS*PVGEIGEEK"
"130418_03_SynthMix1_1pmol_10MS2_20min_NoDynExc",2776,3,"EM@EHNTVCAAGTS*PVGEIGEEK"
"130418_03_SynthMix1_1pmol_10MS2_20min_NoDynExc",2795,3,"EM@EHNTVCAAGTS*PVGEIGEEK"
"130418_03_SynthMix1_1pmol_10MS2_20min_NoDynExc",2800,2,"EM@EHNTVCAAGTS*PVGEIGEEK"
"130418_03_SynthMix1_1pmol_10MS2_20min_NoDynExc",2804,3,"EM@EHNTVCAAGTS*PVGEIGEEK"
"130418_03_SynthMix1_1pmol_10MS2_20min_NoDynExc",2810,2,"EM@EHNTVCAAGTS*PVGEIGEEK"
"130418_03_SynthMix1_1pmol_10MS2_20min_NoDynExc",2815,3,"EM@EHNTVCAAGTS*PVGEIGEEK"
"130418_03_SynthMix1_1pmol_10MS2_20min_NoDynExc",2821,2,"EM@EHNTVCAAGTS*PVGEIGEEK"
"130418_03_SynthMix1_1pmol_10MS2_20min_NoDynExc",2827,3,"EM@EHNTVCAAGTS*PVGEIGEEK"
"130418_03_SynthMix1_1pmol_10MS2_20min_NoDynExc",2838,3,"EM@EHNTVCAAGTS*PVGEIGEEK"
"130418_03_SynthMix1_1pmol_10MS2_20min_NoDynExc",2849,3,"EM@EHNTVCAAGTS*PVGEIGEEK"
"130418_03_SynthMix1_1pmol_10MS2_20min_NoDynExc",2861,3,"EM@EHNTVCAAGTS*PVGEIGEEK"
"130418_03_SynthMix1_1pmol_10MS2_20min_NoDynExc",2874,3,"EM@EHNTVCAAGTS*PVGEIGEEK"
"130418_03_SynthMix1_1pmol_10MS2_20min_NoDynExc",2888,3,"EM@EHNTVCAAGTS*PVGEIGEEK"
"130418_03_SynthMix1_1pmol_10MS2_20min_NoDynExc",2894,3,"EMEHNTVCAAGTS*PVGEIGEEK"
"130418_03_SynthMix1_1pmol_10MS2_20min_NoDynExc",2901,3,"EM@EHNTVCAAGTS*PVGEIGEEK"
"130418_03_SynthMix1_1pmol_10MS2_20min_NoDynExc",2904,3,"EMEHNTVCAAGTS*PVGEIGEEK"
"130418_03_SynthMix1_1pmol_10MS2_20min_NoDynExc",2908,3,"EM@EHNTVCAAGTS*PVGEIGEEK"
"130418_03_SynthMix1_1pmol_10MS2_20min_NoDynExc",2911,2,"EMEHNTVCAAGTS*PVGEIGEEK"
"130418_03_SynthMix1_1pmol_10MS2_20min_NoDynExc",2914,3,"EMEHNTVCAAGTS*PVGEIGEEK"
"130418_03_SynthMix1_1pmol_10MS2_20min_NoDynExc",2917,2,"EMEHNTVCAAGTS*PVGEIGEEK"
"130418_03_SynthMix1_1pmol_10MS2_20min_NoDynExc",2918,3,"EM@EHNTVCAAGTS*PVGEIGEEK"
"130418_03_SynthMix1_1pmol_10MS2_20min_NoDynExc",2925,3,"EMEHNTVCAAGTS*PVGEIGEEK"
"130418_03_SynthMix1_1pmol_10MS2_20min_NoDynExc",2928,2,"EMEHNTVCAAGTS*PVGEIGEEK"
"130418_03_SynthMix1_1pmol_10MS2_20min_NoDynExc",2930,3,"EM@EHNTVCAAGTS*PVGEIGEEK"
"130418_03_SynthMix1_1pmol_10MS2_20min_NoDynExc",2936,3,"EMEHNTVCAAGTS*PVGEIGEEK"
"130418_03_SynthMix1_1pmol_10MS2_20min_NoDynExc",2939,2,"EMEHNTVCAAGTS*PVGEIGEEK"
"130418_03_SynthMix1_1pmol_10MS2_20min_NoDynExc",2941,3,"EM@EHNTVCAAGTS*PVGEIGEEK"
"130418_03_SynthMix1_1pmol_10MS2_20min_NoDynExc",2947,3,"EMEHNTVCAAGTS*PVGEIGEEK"
"130418_03_SynthMix1_1pmol_10MS2_20min_NoDynExc",2952,2,"EMEHNTVCAAGTS*PVGEIGEEK"
"130418_03_SynthMix1_1pmol_10MS2_20min_NoDynExc",2958,3,"EMEHNTVCAAGTS*PVGEIGEEK"
"130418_03_SynthMix1_1pmol_10MS2_20min_NoDynExc",2966,3,"EM@EHNTVCAAGTS*PVGEIGEEK"
"130418_03_SynthMix1_1pmol_10MS2_20min_NoDynExc",2971,3,"EMEHNTVCAAGTS*PVGEIGEEK"
"130418_03_SynthMix1_1pmol_10MS2_20min_NoDynExc",2988,3,"EMEHNTVCAAGTS*PVGEIGEEK"
"130418_03_SynthMix1_1pmol_10MS2_20min_NoDynExc",3077,2,"DIYLS*PDR"
"130418_03_SynthMix1_1pmol_10MS2_20min_NoDynExc",3084,2,"DIYLS*PDR"
"130418_03_SynthMix1_1pmol_10MS2_20min_NoDynExc",3093,2,"DIYLS*PDR"
"130418_03_SynthMix1_1pmol_10MS2_20min_NoDynExc",3105,2,"DIYLS*PDR"
"130418_03_SynthMix1_1pmol_10MS2_20min_NoDynExc",3117,2,"DIYLS*PDR"
"130418_03_SynthMix1_1pmol_10MS2_20min_NoDynExc",3129,2,"DIYLS*PDR"
"130418_03_SynthMix1_1pmol_10MS2_20min_NoDynExc",3225,2,"DIYLS*PDR"
"130418_03_SynthMix1_1pmol_10MS2_20min_NoDynExc",3233,2,"DIYLS*PDR"
"130418_03_SynthMix1_1pmol_10MS2_20min_NoDynExc",3244,2,"DIYLS*PDR"
"130418_03_SynthMix1_1pmol_10MS2_20min_NoDynExc",3255,2,"DIYLS*PDR"
"130418_03_SynthMix1_1pmol_10MS2_20min_NoDynExc",3266,2,"DIYLS*PDR"
"130418_03_SynthMix1_1pmol_10MS2_20min_NoDynExc",3277,2,"DIYLS*PDR"
"130418_03_SynthMix1_1pmol_10MS2_20min_NoDynExc",3288,2,"DIYLS*PDR"
"130418_03_SynthMix1_1pmol_10MS2_20min_NoDynExc",3299,2,"DIYLS*PDR"
"130418_03_SynthMix1_1pmol_10MS2_20min_NoDynExc",3310,2,"DIYLS*PDR"
"130418_03_SynthMix1_1pmol_10MS2_20min_NoDynExc",3321,2,"DIYLS*PDR"
"130418_03_SynthMix1_1pmol_10MS2_20min_NoDynExc",3332,2,"DIYLS*PDR"
"130418_03_SynthMix1_1pmol_10MS2_20min_NoDynExc",3343,2,"DIYLS*PDR"
"130418_03_SynthMix1_1pmol_10MS2_20min_NoDynExc",3354,2,"DIYLS*PDR"
"130418_03_SynthMix1_1pmol_10MS2_20min_NoDynExc",3366,2,"DIYLS*PDR"
"130418_03_SynthMix1_1pmol_10MS2_20min_NoDynExc",3377,2,"DIYLS*PDR"
"130418_03_SynthMix1_1pmol_10MS2_20min_NoDynExc",3388,2,"DIYLS*PDR"
"130418_03_SynthMix1_1pmol_10MS2_20min_NoDynExc",3404,2,"DIYLS*PDR"
"130418_03_SynthMix1_1pmol_10MS2_20min_NoDynExc",3415,2,"DIYLS*PDR"
"130418_03_SynthMix1_1pmol_10MS2_20min_NoDynExc",3423,2,"DIYLS*PDR"
"130418_03_SynthMix1_1pmol_10MS2_20min_NoDynExc",3434,2,"DIYLS*PDR"
"130418_03_SynthMix1_1pmol_10MS2_20min_NoDynExc",3445,2,"DIYLS*PDR"
"130418_03_SynthMix1_1pmol_10MS2_20min_NoDynExc",3451,2,"QGLAETAS*PVAVSLR"
"130418_03_SynthMix1_1pmol_10MS2_20min_NoDynExc",3456,2,"DIYLS*PDR"
"130418_03_SynthMix1_1pmol_10MS2_20min_NoDynExc",3465,2,"DIYLS*PDR"
"130418_03_SynthMix1_1pmol_10MS2_20min_NoDynExc",3476,2,"DIYLS*PDR"
"130418_03_SynthMix1_1pmol_10MS2_20min_NoDynExc",3488,2,"DIYLS*PDR"
"130418_03_SynthMix1_1pmol_10MS2_20min_NoDynExc",3499,2,"DIYLS*PDR"
"130418_03_SynthMix1_1pmol_10MS2_20min_NoDynExc",3510,2,"DIYLS*PDR"
"130418_03_SynthMix1_1pmol_10MS2_20min_NoDynExc",3521,2,"DIYLS*PDR"
"130418_03_SynthMix1_1pmol_10MS2_20min_NoDynExc",3533,2,"DIYLS*PDR"
"130418_03_SynthMix1_1pmol_10MS2_20min_NoDynExc",3546,2,"DIYLS*PDR"
"130418_03_SynthMix1_1pmol_10MS2_20min_NoDynExc",3571,2,"DIYLS*PDR"
"130418_03_SynthMix1_1pmol_10MS2_20min_NoDynExc",3809,2,"QGLAETAS*PVAVSLR"
"130418_03_SynthMix1_1pmol_10MS2_20min_NoDynExc",3818,2,"QGLAETAS*PVAVSLR"
"130418_03_SynthMix1_1pmol_10MS2_20min_NoDynExc",3828,2,"QGLAETAS*PVAVSLR"
"130418_03_SynthMix1_1pmol_10MS2_20min_NoDynExc",3838,2,"QGLAETAS*PVAVSLR"
"130418_03_SynthMix1_1pmol_10MS2_20min_NoDynExc",3849,2,"QGLAETAS*PVAVSLR"
"130418_03_SynthMix1_1pmol_10MS2_20min_NoDynExc",3860,2,"QGLAETAS*PVAVSLR"
"130418_03_SynthMix1_1pmol_10MS2_20min_NoDynExc",3871,2,"QGLAETAS*PVAVSLR"
"130418_03_SynthMix1_1pmol_10MS2_20min_NoDynExc",3882,2,"QGLAETAS*PVAVSLR"
"130418_03_SynthMix1_1pmol_10MS2_20min_NoDynExc",3894,2,"QGLAETAS*PVAVSLR"
"130418_03_SynthMix1_1pmol_10MS2_20min_NoDynExc",3906,2,"QGLAETAS*PVAVSLR"
"130418_03_SynthMix1_1pmol_10MS2_20min_NoDynExc",3918,2,"QGLAETAS*PVAVSLR"
"130418_03_SynthMix1_1pmol_10MS2_20min_NoDynExc",3933,2,"QGLAETAS*PVAVSLR"
"130418_03_SynthMix1_1pmol_10MS2_20min_NoDynExc",3946,2,"QGLAETAS*PVAVSLR"
"130418_03_SynthMix1_1pmol_10MS2_20min_NoDynExc",3998,2,"GLVAAYSGDS*DNEEELVER"
"130418_03_SynthMix1_1pmol_10MS2_20min_NoDynExc",4006,2,"GLVAAYSGDS*DNEEELVER"
"130418_03_SynthMix1_1pmol_10MS2_20min_NoDynExc",4016,2,"GLVAAYSGDS*DNEEELVER"
"130418_03_SynthMix1_1pmol_10MS2_20min_NoDynExc",4025,2,"GLVAAYSGDS*DNEEELVER"
"130418_03_SynthMix1_1pmol_10MS2_20min_NoDynExc",4036,2,"GLVAAYSGDS*DNEEELVER"
"130418_03_SynthMix1_1pmol_10MS2_20min_NoDynExc",4047,2,"GLVAAYSGDS*DNEEELVER"
"130418_03_SynthMix1_1pmol_10MS2_20min_NoDynExc",4058,2,"GLVAAYSGDS*DNEEELVER"
"130418_03_SynthMix1_1pmol_10MS2_20min_NoDynExc",4069,2,"GLVAAYSGDS*DNEEELVER"
"130418_03_SynthMix1_1pmol_10MS2_20min_NoDynExc",4080,2,"GLVAAYSGDS*DNEEELVER"
"130418_03_SynthMix1_1pmol_10MS2_20min_NoDynExc",4091,2,"GLVAAYSGDS*DNEEELVER"
"130418_03_SynthMix1_1pmol_10MS2_20min_NoDynExc",4102,2,"GLVAAYSGDS*DNEEELVER"
"130418_03_SynthMix1_1pmol_10MS2_20min_NoDynExc",4115,2,"GLVAAYSGDS*DNEEELVER"
"130418_03_SynthMix1_1pmol_10MS2_20min_NoDynExc",4126,2,"GLVAAYSGDS*DNEEELVER"
"130418_03_SynthMix1_1pmol_10MS2_20min_NoDynExc",4166,2,"TVFS*PTLPAAR"
"130418_03_SynthMix1_1pmol_10MS2_20min_NoDynExc",4173,2,"TVFS*PTLPAAR"
"130418_03_SynthMix1_1pmol_10MS2_20min_NoDynExc",4181,2,"TVFS*PTLPAAR"
"130418_03_SynthMix1_1pmol_10MS2_20min_NoDynExc",4192,2,"TVFS*PTLPAAR"
"130418_03_SynthMix1_1pmol_10MS2_20min_NoDynExc",4201,2,"TVFS*PTLPAAR"
"130418_03_SynthMix1_1pmol_10MS2_20min_NoDynExc",4212,2,"TVFS*PTLPAAR"
"130418_03_SynthMix1_1pmol_10MS2_20min_NoDynExc",4223,2,"TVFS*PTLPAAR"
"130418_03_SynthMix1_1pmol_10MS2_20min_NoDynExc",4234,2,"TVFS*PTLPAAR"
"130418_03_SynthMix1_1pmol_10MS2_20min_NoDynExc",4245,2,"TVFS*PTLPAAR"
"130418_03_SynthMix1_1pmol_10MS2_20min_NoDynExc",4256,2,"TVFS*PTLPAAR"
"130418_03_SynthMix1_1pmol_10MS2_20min_NoDynExc",4267,2,"TVFS*PTLPAAR"
"130418_03_SynthMix1_1pmol_10MS2_20min_NoDynExc",4278,2,"TVFS*PTLPAAR"
"130418_03_SynthMix1_1pmol_10MS2_20min_NoDynExc",4289,2,"TVFS*PTLPAAR"
"130418_03_SynthMix1_1pmol_10MS2_20min_NoDynExc",4301,2,"TVFS*PTLPAAR"
"130418_03_SynthMix1_1pmol_10MS2_20min_NoDynExc",4313,2,"TVFS*PTLPAAR"
"130418_03_SynthMix1_1pmol_10MS2_20min_NoDynExc",4408,2,"QGLAETAS*PVAVSLR"
"130418_03_SynthMix1_1pmol_10MS2_20min_NoDynExc",4418,2,"QGLAETAS*PVAVSLR"
"130418_03_SynthMix1_1pmol_10MS2_20min_NoDynExc",5590,2,"ESLKEEDES*DDDNM@"